config,data_scenario,naive_mae,naive_mse,model_mae,model_mse,rmae,rmse,checkpoint_dir,ablation_name,train_mae_history,val_mae_history,train_mse_history,val_mse_history,train_range,val_range,test_range
"{'data_path': '/content/drive/MyDrive/equityBERT/vola-bert/data/processed/ES_1h.parquet', 'root_path': '/content/drive/MyDrive/equityBERT/vola-bert', 'events_df':                      datetime event_type impact
0   2019-01-04 08:30:00-05:00        NFP   NONE
1   2019-01-11 08:30:00-05:00        CPI   NONE
2   2019-01-15 08:30:00-05:00        PPI   NONE
3   2019-01-30 14:00:00-05:00       FOMC   NONE
4   2019-02-01 08:30:00-05:00        NFP   NONE
..                        ...        ...    ...
315 2026-02-27 08:30:00-05:00        PPI   NONE
316 2026-03-06 08:30:00-05:00        NFP   NONE
317 2026-03-11 08:30:00-04:00        CPI   NONE
318 2026-03-18 08:30:00-04:00        PPI   NONE
319 2026-03-18 14:00:00-04:00       FOMC   NONE

[320 rows x 3 columns], 'n_layer': 4, 'batch_size': 32, 'max_epochs': 150, 'lr': 0.0001, 'patience': 10, 'features': 'MS', 'lookback': 24, 'forecast': 5, 'name': 'No Events', 'use_events': False, 'use_event_type': False, 'use_event_impact': False}",full,0.9691959023475647,2.0921387672424316,0.38331684734247906,0.48717847895584526,0.3954998637674979,0.23286145574271666,runs/v25/No Events_24to5_full/checkpoints,No Events,"[0.6277279780952485, 0.5722896976621596, 0.5633763549747047, 0.5563725568763502, 0.551354991374435, 0.5482609138547719, 0.5447839628700372, 0.541201895901135, 0.5385455470327493, 0.5349883559968446, 0.5325932104017709, 0.5307828052030815, 0.5270131346616116, 0.5252968702506233, 0.5240106766040509, 0.5195531272789934, 0.5173182424444419, 0.5145489252530612, 0.5116713065039981, 0.5083885760261462, 0.5050630354128041, 0.501348284984028, 0.4978967806795141, 0.49743321718095423, 0.4962126593013386, 0.49409578560472844, 0.49426884941019855, 0.4908700924325775, 0.4902088891018878, 0.4892328879335424, 0.48768093764454457, 0.4860641141677951, 0.48439907069717136, 0.4814321217792375, 0.48140639549755787, 0.4792839015250678, 0.4782854605998312, 0.4774405844918974, 0.473278236585659, 0.47389659408357115, 0.47240787760896996, 0.4719061725414716, 0.4707833630043072, 0.46901313207306705, 0.46783497282764414, 0.46763791332205573, 0.46629056072497105, 0.4654342214484791, 0.4650818784977054, 0.46371418147624194, 0.46330154973727006, 0.46281726027910525, 0.462374766940599, 0.46147560901366746, 0.4612112451385666, 0.460979163646698, 0.4592297307246334, 0.45947656469358195, 0.45913789306695646, 0.45828256764254727, 0.45853459253743456, 0.456882206170441, 0.45758403485620414, 0.4565590331023866, 0.4563756217504596, 0.45498892730408974, 0.4549754044184318, 0.4547176550214107, 0.45566149268831524, 0.4548045488504263, 0.453549529169942, 0.45385358146913757, 0.45415353373839307, 0.45266325444310573, 0.4531706854864791, 0.4529437814931293, 0.4525121366912192, 0.45187148443617664, 0.4520340023132471, 0.45155660013903626, 0.45224942913749716, 0.45124094777709833, 0.4509701458634911, 0.450927513559441, 0.45100886415649244, 0.4505702407805474, 0.4506231699507315, 0.44983090341582405, 0.4495360724382348, 0.4499793907443246, 0.4496327033982827, 0.44892784863055407, 0.44836397100608427, 0.44885882014756673, 0.4485225878082789, 0.4485468450155887, 0.44860523435604444, 0.4481314110395673, 0.4478281578356093, 0.44814072721279585, 0.44824060511130553, 0.44740511734898275, 0.44609149750117416, 0.4466152772061772, 0.4468897408345243, 0.44660717969412334, 0.4469575337492503, 0.4461820049436538]","[0.3609883566445942, 0.34929167394396626, 0.3411839627012422, 0.3339314739915389, 0.32881703765331943, 0.3254566107746921, 0.32400822450843036, 0.32220888043506235, 0.32123459347441224, 0.3192886572472657, 0.3164574947161011, 0.31462930180603943, 0.3113867059538636, 0.3090023283339754, 0.3094457150260104, 0.30606301562695565, 0.3058613540628288, 0.30385440587997437, 0.3026956321695183, 0.3017024705304375, 0.2970966491140897, 0.298295156676558, 0.29523816931096813, 0.2948694251760652, 0.2945292416629912, 0.2929050477245186, 0.2931787073612213, 0.29248020863985713, 0.2915787872257112, 0.29197749193710615, 0.2905587902929209, 0.2901084970069837, 0.29045393270782277, 0.28833229311659364, 0.2891372991136358, 0.288501080267037, 0.28781745177281054, 0.28659500200537186, 0.2870707540195199, 0.2871640335909928, 0.28597625184662734, 0.2858800478751146, 0.2859393090386934, 0.28595893839492076, 0.285140397239335, 0.285501614967479, 0.2856071255629576, 0.2851961241869987, 0.2846020296027389, 0.2851594909082485, 0.28513593104066726, 0.2846893647426291, 0.2849384589663035, 0.2838555974296377, 0.28451593050473856, 0.2837042123833789, 0.2834408507694172, 0.2838081808029851, 0.28387229370919964, 0.28243570520153527, 0.28534801606136034, 0.28332299767415736, 0.28348554482188404, 0.2831463468602941, 0.28338469470603556, 0.28369340168524393, 0.2825896624900118, 0.28335848111140577, 0.2827058626881129, 0.2833352935842321, 0.2839686314139185, 0.2827644293444066, 0.2831700402724592, 0.2828745202550405, 0.28313966548141045, 0.28435534616059893, 0.28311025813410556, 0.28353882703600053, 0.28283238014842893, 0.2822065521267396, 0.28249826933009714, 0.28321537375450134, 0.28265623276746726, 0.28281078157545647, 0.28193058262142956, 0.2836941271265851, 0.2830526911759678, 0.28291532906550393, 0.28323125858095627, 0.28357595620276055, 0.2832200412131563, 0.28171831029879896, 0.2823728117384488, 0.2830934481153005, 0.2829204616667349, 0.2827747137863425, 0.28205792926534823, 0.28150813734229607, 0.2824978332353544, 0.2814612971453727, 0.2829310430001609, 0.2819860756774492, 0.2808297898950456, 0.2817986794287645, 0.2837441010942942, 0.28376018604900266, 0.2839810016411769, 0.2827223126269594]","[1.0366910895803472, 0.9549202714320068, 0.9368955397589521, 0.928489440130991, 0.9194328506978658, 0.9164149141819268, 0.9121911718131421, 0.9037164859064333, 0.9013079745428902, 0.8951816906804567, 0.8911901249417237, 0.8924253491664326, 0.8898585137839501, 0.8871763218808305, 0.8837498266372706, 0.8783331874062071, 0.8733484551801787, 0.8714473360924275, 0.8687023451285703, 0.8629407614960776, 0.8571608390781905, 0.856813411463748, 0.8533287612455231, 0.8508104086740986, 0.8534925518618836, 0.8490734859318524, 0.8521521518436762, 0.8459123150742316, 0.8453951726902972, 0.8450704261169328, 0.846385066653346, 0.8421509454211036, 0.8400947298895527, 0.8388266842607613, 0.8383652325514909, 0.8355276469591555, 0.8320134333693064, 0.8352743435528253, 0.8295433272781608, 0.832092982931779, 0.8297578948703441, 0.8289630695522486, 0.8302958581064429, 0.8261355813387986, 0.8256236352845208, 0.8264379445258733, 0.8240281946875236, 0.8239757778470987, 0.8239942805043289, 0.8226231029154835, 0.8203081996435975, 0.821018165816645, 0.8219843109721666, 0.8183162517354383, 0.8193863124719688, 0.8176747802440282, 0.8168376665357705, 0.8180718020750926, 0.8174137775223334, 0.8157155513763428, 0.8182898889203648, 0.8124731500929856, 0.8151731179965721, 0.8145591483993845, 0.8152633860789158, 0.8124386950672328, 0.8116644221347767, 0.8136009907575099, 0.8138901939267641, 0.8152744782331226, 0.8095754877469696, 0.8100721891969442, 0.8115547775894731, 0.8095488706296616, 0.8101517549091644, 0.8097764522983477, 0.8108575346951301, 0.8087288478982972, 0.8093469494155475, 0.8091156486380886, 0.8102704574364227, 0.8083490752666206, 0.8072457430004091, 0.8076323632887759, 0.8070499880218899, 0.8088572010152287, 0.8069155605120973, 0.8071108340889543, 0.8041054121945258, 0.8054208258310189, 0.8086905163395536, 0.8063754836854699, 0.8045772095671394, 0.8053084398609597, 0.8039386220849477, 0.8050750289317016, 0.8059329570649745, 0.8056684941217139, 0.8060919120089038, 0.802675541838283, 0.8064822893753484, 0.8009864827106287, 0.8008848873100111, 0.8005236949321333, 0.802508139245949, 0.8002934691465491, 0.8009472181508829, 0.8005410416850022]","[0.2457014314735992, 0.23221259394401236, 0.22444346358504477, 0.21800609989256797, 0.2135107378605046, 0.21048205647664733, 0.2086447601831412, 0.2067151328996767, 0.20480916050227382, 0.20373775178118597, 0.20148278183386295, 0.19908303201575822, 0.19755580974153325, 0.19554843234864971, 0.19541471998525572, 0.19297469119671024, 0.19198332387435285, 0.19114197021986865, 0.19016954415961157, 0.1886013293568092, 0.18709712857498398, 0.18643406887031808, 0.18553522012279003, 0.18510107356536237, 0.18446708692214156, 0.18427272357895405, 0.18416509763160838, 0.1836753493245644, 0.18321174920736988, 0.18283938729687582, 0.18266193233901942, 0.18261089095775085, 0.1819207650856881, 0.18208611464198632, 0.18144447545084771, 0.18145574091733258, 0.18091304623816587, 0.18062724432424654, 0.1803850217521945, 0.18028166786402086, 0.18019943311810493, 0.18003194873468786, 0.17964212200309657, 0.1800596271700497, 0.17972080815064756, 0.1794954282762129, 0.17919296620390082, 0.17918502025400537, 0.17923015285330482, 0.17893996881910518, 0.17890381185880191, 0.17872637486721896, 0.17855210762612428, 0.17857867281270934, 0.17813102311537235, 0.1782506864659394, 0.17833296351040465, 0.17816439002186438, 0.17829836636215826, 0.1783354550694363, 0.17781582889677602, 0.17791987281245522, 0.17791620712680153, 0.17790673187450518, 0.1777719262562975, 0.1776442783354204, 0.1775605101845687, 0.1777324993870681, 0.1772781919829453, 0.17718006170625927, 0.1772051379556143, 0.17730394420744497, 0.17709240590846992, 0.17711170046012611, 0.17715757519383973, 0.17699983725442162, 0.1769150346517563, 0.17694504950431328, 0.1771332977598981, 0.17688963458507875, 0.17691737408690814, 0.17685103567340707, 0.17677582390134847, 0.17666443409044533, 0.1767303590910344, 0.17673671556801734, 0.1767454998496967, 0.1763885889343823, 0.17642933172704298, 0.17663806271326693, 0.17660409589357015, 0.1765980395146563, 0.17641232841754262, 0.17648884253222732, 0.17632887375694287, 0.1763999672441543, 0.17630497418061086, 0.17613166424481175, 0.1762210710705081, 0.17618926048656053, 0.17628031917199305, 0.17632074074088772, 0.17635820565533034, 0.1763070919374122, 0.1764805015129379, 0.17651887964221497, 0.17667812896491605, 0.17635079195039183]",2019-01-03 → 2024-01-21,2024-01-23 → 2025-02-23,2025-02-25 → 2026-03-29
"{'data_path': '/content/drive/MyDrive/equityBERT/vola-bert/data/processed/ES_1h.parquet', 'root_path': '/content/drive/MyDrive/equityBERT/vola-bert', 'events_df':                      datetime event_type impact
0   2019-01-04 08:30:00-05:00        NFP   NONE
1   2019-01-11 08:30:00-05:00        CPI   NONE
2   2019-01-15 08:30:00-05:00        PPI   NONE
3   2019-01-30 14:00:00-05:00       FOMC   NONE
4   2019-02-01 08:30:00-05:00        NFP   NONE
..                        ...        ...    ...
315 2026-02-27 08:30:00-05:00        PPI   NONE
316 2026-03-06 08:30:00-05:00        NFP   NONE
317 2026-03-11 08:30:00-04:00        CPI   NONE
318 2026-03-18 08:30:00-04:00        PPI   NONE
319 2026-03-18 14:00:00-04:00       FOMC   NONE

[320 rows x 3 columns], 'n_layer': 4, 'batch_size': 32, 'max_epochs': 150, 'lr': 0.0001, 'patience': 10, 'features': 'MS', 'lookback': 24, 'forecast': 5, 'name': 'Event Type Only', 'use_events': True, 'use_event_type': True, 'use_event_impact': False}",full,0.9691959023475647,2.0921387672424316,0.3812378335602676,0.4779443635687798,0.3933547723807352,0.2284477354237549,runs/v25/Event Type Only_24to5_full/checkpoints,Event Type Only,"[0.6741536749260766, 0.6184955204908664, 0.6045660798202505, 0.5957631592403402, 0.5897740362273468, 0.5807937505644757, 0.5774433928859103, 0.5758148136210965, 0.5704891687402358, 0.5679352851686897, 0.5656766529594149, 0.5625711104699543, 0.5577758380344936, 0.5533162569934196, 0.5430215052687205, 0.5395168269892315, 0.5332993245223067, 0.5204145845312339, 0.5112327485457882, 0.5087532524715414, 0.5043424675752829, 0.5011176925439101, 0.49807368300773286, 0.4962449795105955, 0.4926410353445745, 0.4901430759128633, 0.4882756199810531, 0.4886194277595688, 0.486018320443211, 0.48705999905263986, 0.4851202810858632, 0.48280527344444296, 0.4812423817731522, 0.478090800508693, 0.477328465289467, 0.477125947701407, 0.47744952592548434, 0.47454997193027326, 0.4720045212697197, 0.4712881057799517, 0.47044050447888425, 0.46940537230981577, 0.46902669958033405, 0.4686573205085901, 0.46671011650955285, 0.4671245846119556, 0.46579965777122057, 0.46459170357211604, 0.46415418427396604, 0.46414858667732595, 0.46326323033689143, 0.46263216943531243, 0.4607983194700964, 0.461730420425698, 0.4598834487599331, 0.4607680054320084, 0.4598310717514583, 0.4589939046200815, 0.4598709436563345, 0.45838489760081846, 0.457785254078252, 0.45681172822202953, 0.4557967768920647, 0.4563484475180343, 0.4555563163626325, 0.4548846416912236, 0.4556618739779179, 0.45471971817724, 0.4547545230323142, 0.45406185966599116, 0.45390046666284184, 0.4526934110365071, 0.45223661143701155, 0.4526311552131569, 0.45240377814887645, 0.45187699500021045, 0.45173281873320487, 0.45162033052234857, 0.45111681283502786, 0.4503813418713245, 0.4505123289731833, 0.44989023775189785, 0.4495126978791022, 0.45000114774965977, 0.4503347485602557, 0.4489520392738856, 0.44970376265572976, 0.44934523793367237, 0.44855946941035135, 0.44804668033516015, 0.44842793407675985, 0.44865567278076, 0.44785214366984893, 0.44784769080169906, 0.4480879235562387, 0.44769710048541916, 0.44774146721913266, 0.44731367174740677, 0.44685773919899385, 0.4469463317603855, 0.44674574084334323, 0.4461573842135105, 0.44599264074157885, 0.44555386213155895, 0.44570966687176256, 0.4454124465093508, 0.4461076077032875, 0.4452296566668448, 0.44505209582192556, 0.44550170143554496, 0.4444412892008876, 0.4455391100229143, 0.4445851599940887, 0.4444355447213728, 0.4447866217693785, 0.4441620081171885, 0.44472540595701765, 0.4436897989976537, 0.4433984939459261, 0.4433913328326665, 0.44327736469906764, 0.44354562608750314, 0.4438350942845528, 0.44376144435379533, 0.4431816281771267, 0.4434488345305998, 0.4427855474117038, 0.4424466962342734, 0.442186003776042, 0.4422143314565931, 0.44119418355134815, 0.4421233701018187, 0.4421536059497477, 0.4415608538867353, 0.4417492215531868]","[0.3802546145795267, 0.3594667385273342, 0.34639663126649733, 0.33937382339676725, 0.33384068819540963, 0.3296041892299169, 0.32662573041795173, 0.3247759687372401, 0.323771414123004, 0.3205045786085008, 0.3190790643043156, 0.31617621775669386, 0.313049284906327, 0.3104888198873665, 0.3066778878999662, 0.30631067915053306, 0.30612714135948615, 0.2982323375306552, 0.2975058615962161, 0.29463881857787505, 0.29191936892044695, 0.29155260758309426, 0.29042230565336685, 0.29060890421837193, 0.28810371552841574, 0.2878556508052198, 0.2872816454383391, 0.2873265809273418, 0.28682938369014593, 0.2854890689442429, 0.2865006289904631, 0.2854359774272653, 0.2859986250913596, 0.2843836219627646, 0.28409021772161314, 0.28490353366242177, 0.28309019136277935, 0.2824268105286586, 0.28318932765646826, 0.2824403238070162, 0.28209543379047247, 0.2824713887670372, 0.2824091113443616, 0.2811207190344605, 0.28071781370458726, 0.2810467243949069, 0.2805470707295816, 0.2802700253227089, 0.2814123330614235, 0.28036448755596255, 0.2797466371255585, 0.28006393754784065, 0.27971319137494777, 0.2792331097246725, 0.27861708987362777, 0.2788929807234414, 0.2796345645491081, 0.2786431659626055, 0.2792815683008749, 0.2784073937542831, 0.27952572420428073, 0.2786368961575665, 0.27884095888349075, 0.27904199233537985, 0.2780150041172776, 0.27737516145917435, 0.27807227871086027, 0.2780031248738494, 0.27714454467538036, 0.27839885086198396, 0.2785861363893823, 0.2787461446810372, 0.27775588612767715, 0.2769439326056951, 0.277019757824608, 0.27703454581242576, 0.27672893374781066, 0.2763800653098505, 0.27860702536528625, 0.2777424188731592, 0.27645117610315734, 0.2774522838336003, 0.27646125871923904, 0.2779210198529159, 0.2770111123217812, 0.2769703063406522, 0.2777561698156067, 0.2773083308829537, 0.27685402296011963, 0.27728712407848505, 0.27674711410757863, 0.2756935103407389, 0.2767719839569889, 0.2774619047023073, 0.276900329921819, 0.27788514879685416, 0.2768384278575076, 0.27530668939970715, 0.27780595421791077, 0.2787972662267806, 0.27810220986227446, 0.2772815223736099, 0.276430284297919, 0.2770399736075462, 0.2761712102573129, 0.27769688809219795, 0.2767251218798794, 0.2775033912326716, 0.27684783294231075, 0.2772252420081368, 0.27756746924376186, 0.27686002812808075, 0.277658902580225, 0.27728584050377714, 0.27722761299036724, 0.27748655839056907, 0.2769251599719253, 0.27650157824347293, 0.27734061849268177, 0.27789275876328917, 0.27901472264452826, 0.2774000182936463, 0.27864529399932186, 0.2754266133791284, 0.27644543293156204, 0.2772780213552185, 0.2762478118455863, 0.27955949910079375, 0.27816612697854826, 0.2767631249337257, 0.27651664067672777, 0.27679967465279975, 0.27701480648940124, 0.27854347908044164, 0.27662569322163544]","[1.1503105100530844, 1.019009533082391, 0.9949616674374748, 0.978388256915323, 0.9694547990521232, 0.9566467285647497, 0.9507322046127948, 0.9494028312491847, 0.9384921562376913, 0.937583792586248, 0.9367553134049688, 0.9288279952092485, 0.9225130705469913, 0.9193306625462495, 0.9009368596496162, 0.8956241978148183, 0.8944600410350076, 0.8759560308695494, 0.8657884921182643, 0.8642495435427179, 0.8597334825157464, 0.8558244276587125, 0.8552468064558375, 0.8533607903090152, 0.8449034166860057, 0.8449900313229352, 0.8446692896413279, 0.8449561262687484, 0.84205281325094, 0.8454988315947108, 0.8424690927041101, 0.8365450482201445, 0.8372052043758251, 0.8326316146323314, 0.8350383031826752, 0.8360537174311313, 0.8354624888481019, 0.8314999953567327, 0.8292280755282103, 0.8290693035738154, 0.8285386811655301, 0.8274389862359225, 0.825894321202413, 0.8295895508848704, 0.8232232364160674, 0.8249119081339993, 0.8230933499737427, 0.8204533950231232, 0.8227493593489731, 0.8203476615413859, 0.8188346514253171, 0.8191310577094555, 0.8182419098422422, 0.8198943568373119, 0.8182792062205928, 0.8191569937126977, 0.8172857357741712, 0.8148584759251757, 0.8173158321488689, 0.810758995199269, 0.813916474785451, 0.815982848405838, 0.8140537662042694, 0.8118184319400525, 0.8111837696243118, 0.813486919666712, 0.8167322906409646, 0.8121996736051617, 0.8105455648440582, 0.8131755170422595, 0.8100412510089822, 0.8092223221415674, 0.808498215749041, 0.8075349638340893, 0.8071674004524618, 0.808092326089576, 0.806863796620906, 0.8093773215845391, 0.8068643920737636, 0.8086655462918045, 0.8074412830378656, 0.8052139026778085, 0.8030008936075719, 0.8057553651896152, 0.8061521032436209, 0.8051029078989893, 0.8080569255974267, 0.8029835654811545, 0.805009452523766, 0.8039965681567952, 0.8016835532181865, 0.8043610751628876, 0.8042495900580844, 0.8048037045768329, 0.8049945247124185, 0.8028753332711838, 0.8029951067375285, 0.8006290576656113, 0.8033801026151075, 0.8035396603191947, 0.8012887833046389, 0.8006971024877423, 0.8010739808144806, 0.800854832220536, 0.8027807366676055, 0.8007690408727625, 0.7993808350229001, 0.8004837727563067, 0.8004500319833284, 0.800739973292246, 0.7969702013491929, 0.8009344636575206, 0.7980912970071965, 0.7972289974095075, 0.7973740446371037, 0.7961792278584543, 0.797736990193908, 0.7971355651843024, 0.7953363583719992, 0.7973863473673771, 0.7966203267921458, 0.7966107774607756, 0.800989822945097, 0.7973334237851284, 0.7959483234559769, 0.7978648126616583, 0.7985955627819339, 0.7946265331254556, 0.793381655813901, 0.79798935218663, 0.7941017560660839, 0.7953373156487942, 0.7963476822926447, 0.7932982721089662, 0.7931585864133233]","[0.2680020040914982, 0.24185257461629336, 0.22849411168430425, 0.22023532511312752, 0.2142875876419152, 0.21034602622819853, 0.20739667532564718, 0.2052292332430429, 0.20360248564164848, 0.20113292270446126, 0.1995169998535627, 0.1968274464524245, 0.1948961144006705, 0.19181689266351204, 0.19022001670319824, 0.18972127719581883, 0.19069462019620062, 0.18532883144820791, 0.18399411887873576, 0.18296967908928666, 0.18211652069718023, 0.18125098580612412, 0.1810644593419908, 0.18029092327703403, 0.17989216150739526, 0.17971629352320598, 0.17977973276489898, 0.17947381513216829, 0.1790794484505925, 0.179080752962375, 0.1790551532389997, 0.1792741518326198, 0.17874131639358365, 0.17887525194430653, 0.1785190462405923, 0.1781048504046247, 0.17806109800180303, 0.17840595326468914, 0.17813064162678358, 0.17762035296498974, 0.1768950932199442, 0.17615352302223822, 0.17638995946396754, 0.1765982935888858, 0.17607164958232566, 0.17581360570237606, 0.1757948244391363, 0.17540903903449637, 0.1753608998429926, 0.17515081723656836, 0.1748348124608209, 0.17502569779753685, 0.17491567177297193, 0.17425462961951388, 0.17426455336846883, 0.17386961115311972, 0.1739976432976089, 0.17359043455010728, 0.1737136674832694, 0.17380671273869805, 0.17349488538088678, 0.1734654659145995, 0.1732063456615315, 0.17300572392495372, 0.17296960242564166, 0.1732232218867616, 0.17262781930120685, 0.17257885469854634, 0.17280496477703505, 0.17247718129354186, 0.17222091013306304, 0.1722525446852551, 0.17208272430904303, 0.17228278800656524, 0.1717964080221291, 0.17178675914301147, 0.17178893259054498, 0.17162673467699485, 0.17157071951446654, 0.17174535980330238, 0.17128750828059414, 0.17118485488846333, 0.1715073156394536, 0.1711986824587176, 0.1711260075621967, 0.17117095781089384, 0.17107981999840918, 0.1710076991798757, 0.17101063253947452, 0.17100528877558588, 0.1709952262477784, 0.1708325036341631, 0.17079270343425906, 0.17089115238831012, 0.17079860622747034, 0.17084237786976597, 0.17058996002696739, 0.17070763850513893, 0.17126320571273188, 0.1708051534015921, 0.170505795674988, 0.17045483681597287, 0.1703869888111006, 0.17039740123326266, 0.17026920461013348, 0.17022033342266385, 0.1704277776276009, 0.17046854824204988, 0.17038097392909135, 0.1701688116204135, 0.17024648887447164, 0.170158200720443, 0.17031554915482486, 0.17026471450359007, 0.1702366326522978, 0.16997974497985235, 0.17012109659329244, 0.17002370354684093, 0.17017699113186402, 0.17021333883646167, 0.17034971949797642, 0.17010723676862596, 0.17025314969352529, 0.16998830013260058, 0.16976529298515258, 0.16984076057619688, 0.1697888096582286, 0.17031222364947765, 0.170320676097387, 0.17001954211464412, 0.16987306256837484, 0.16979354879335512, 0.16991630969922752, 0.17024838617896731, 0.16996349186836918]",2019-01-03 → 2024-01-21,2024-01-23 → 2025-02-23,2025-02-25 → 2026-03-29
"{'data_path': '/content/drive/MyDrive/equityBERT/vola-bert/data/processed/ES_1h.parquet', 'root_path': '/content/drive/MyDrive/equityBERT/vola-bert', 'events_df':                      datetime event_type impact
0   2019-01-04 08:30:00-05:00        NFP   NONE
1   2019-01-11 08:30:00-05:00        CPI   NONE
2   2019-01-15 08:30:00-05:00        PPI   NONE
3   2019-01-30 14:00:00-05:00       FOMC   NONE
4   2019-02-01 08:30:00-05:00        NFP   NONE
..                        ...        ...    ...
315 2026-02-27 08:30:00-05:00        PPI   NONE
316 2026-03-06 08:30:00-05:00        NFP   NONE
317 2026-03-11 08:30:00-04:00        CPI   NONE
318 2026-03-18 08:30:00-04:00        PPI   NONE
319 2026-03-18 14:00:00-04:00       FOMC   NONE

[320 rows x 3 columns], 'n_layer': 4, 'batch_size': 32, 'max_epochs': 150, 'lr': 0.0001, 'patience': 10, 'features': 'MS', 'lookback': 24, 'forecast': 5, 'name': 'Event Timing Only', 'use_events': True, 'use_event_type': False, 'use_event_impact': False}",full,0.9691959023475647,2.0921387672424316,0.3788653527256809,0.4735205629958382,0.390906886634582,0.2263332482576993,runs/v25/Event Timing Only_24to5_full/checkpoints,Event Timing Only,"[0.6102979217584317, 0.5628938490709106, 0.5502488000707312, 0.5443065536546183, 0.5371666196119654, 0.5329752322900426, 0.5300714403063387, 0.5293766742387971, 0.5254826713558082, 0.5231328630349138, 0.5204785667605453, 0.5189968761015724, 0.5167421102523804, 0.5138286936741608, 0.5105637772070183, 0.5079314803684151, 0.5037425327432025, 0.5031433654846725, 0.49860431499533603, 0.49728252419403624, 0.4948578458074685, 0.4909495656470676, 0.4906777465245226, 0.4894343831545704, 0.48761885261142646, 0.4849682392982336, 0.48385077256422776, 0.48134682024573233, 0.48093481812175815, 0.47914339413682183, 0.47741570610266465, 0.47651264251588465, 0.4748479023084536, 0.47430565052635065, 0.47188348797978935, 0.4704291438172152, 0.46938827060736144, 0.46746905557401885, 0.4669409962473335, 0.4669755945330138, 0.4654033131651826, 0.46445649575728637, 0.4636996960738203, 0.4637026576386703, 0.46316311549354383, 0.4613188593597202, 0.4617149075800246, 0.4609024261052792, 0.46153081421341213, 0.4594856159208895, 0.46012955134386546, 0.4590560514684562, 0.4580158696069822, 0.4576230171945069, 0.45797983818984295, 0.45687536821588054, 0.4570235752879263, 0.4569067635706493, 0.45600629442340723, 0.4561193930906254, 0.455790166425836, 0.45519696519925046, 0.4550835321565251, 0.4535695453594019, 0.4545019252205288, 0.4537852670956444, 0.4537914391238611, 0.4529364389868883, 0.4533867605931156, 0.4526368291987168, 0.4520421436691022, 0.4521261412691284, 0.4511365002164474, 0.4512403718308433, 0.4514285493846778, 0.4511031186678907, 0.4506575558129903, 0.45087338492765533, 0.4505269607672325, 0.4496096664077633, 0.4505556616318095, 0.45005065063526345, 0.44947967027406116, 0.44826631153841595, 0.4485845329997304, 0.44884169060777834, 0.44968091606438815, 0.44847485439462975, 0.44838004121249847, 0.4490099175945743, 0.4482636369846679, 0.44802138258467666, 0.44723617334614746, 0.4484074701155935, 0.447255402639672, 0.4476239143328352, 0.445956096134998, 0.4470044385109629, 0.4470233364583372, 0.44754807143420966, 0.44631174223108605, 0.44625930778764106, 0.446321067410511, 0.44599988855994666, 0.4456520229578018, 0.4458460333746868, 0.44527984123963577, 0.4453734123444819, 0.4451401189460859, 0.4453045314403026, 0.4448671260705361, 0.4439949348241418, 0.44499500235030937, 0.44467711972666313, 0.4444454390924055, 0.44404361986524454, 0.4443889234092209, 0.44328468645011987, 0.44353017923268645, 0.44359690458564965, 0.4435428164817475, 0.4431811897800519, 0.44305840101870864, 0.44266012036702135, 0.44263411043109474, 0.44219959334849, 0.44283705679597435]","[0.3593675341409973, 0.3390773050015486, 0.3304235778654678, 0.32498747016055674, 0.3194865814492672, 0.31668043249770056, 0.3135392575324336, 0.3125147570537615, 0.31071926634522934, 0.3103797871477996, 0.30688695496396173, 0.3057505637407303, 0.30443432002882415, 0.3014709332698508, 0.30101696316954457, 0.2985774591753754, 0.2973840562980386, 0.29614407522014424, 0.2948704693890825, 0.29489671222016783, 0.29339843875245203, 0.2915854284280463, 0.2895046459345878, 0.288056182521808, 0.28825350992287263, 0.2880761436646498, 0.28696179389953613, 0.28714818743210807, 0.28554440997069397, 0.285408290315278, 0.28401516094992435, 0.28444653956950466, 0.285184116114544, 0.28425838600231124, 0.28246994259991226, 0.2836119040280958, 0.28463751454896563, 0.28294299505179443, 0.28235498504548134, 0.28215477757061586, 0.2826820464828346, 0.2826974978552589, 0.2828199208914479, 0.28102653313286696, 0.2813452001236662, 0.28149545211580734, 0.28167430339734767, 0.2817858006758026, 0.2813654826788963, 0.2803109009054643, 0.280224167093446, 0.28043863309335104, 0.28091500510897816, 0.2817047200625456, 0.28052850746655766, 0.2800293581772454, 0.2802177660072906, 0.280359949492201, 0.2803155072504961, 0.28033142942416517, 0.28076158218745945, 0.2795422854302805, 0.27956369519233704, 0.2798821341387833, 0.28040756002257144, 0.2801336000991773, 0.2793847035758103, 0.27932072591178025, 0.2794930272841755, 0.2800074651648727, 0.2804605672253838, 0.2791689083546023, 0.27893666168556935, 0.2793885186503205, 0.2796546371677254, 0.279940571588806, 0.27990566835373265, 0.27946639249596417, 0.2799103737254686, 0.28064663576174387, 0.2785846719258948, 0.27969837980934337, 0.279671064660519, 0.2790903709357298, 0.27916297373137894, 0.27931216378000717, 0.2793911288056192, 0.2788502055255673, 0.2796359196116653, 0.27989465677285497, 0.2791270406185826, 0.2803172442731978, 0.2801895296271843, 0.27910999878297876, 0.28080849538121044, 0.27990360369410694, 0.2792319481885886, 0.2793887987544265, 0.27912150530875485, 0.27929763288437565, 0.27883807032168667, 0.28161355739907373, 0.27979490764533416, 0.2801717461287221, 0.2786395021631748, 0.27931328589403176, 0.2801548299155658, 0.28012178479870664, 0.2789757787426816, 0.2792261827595626, 0.27932273568231847, 0.278756040372426, 0.2802836274421668, 0.2791952347453636, 0.2801541755848293, 0.28040718466420717, 0.27982483709914774, 0.28005822021749954, 0.28088522013984146, 0.27945636873003804, 0.2787305220395704, 0.27987948701351506, 0.2795894947610324, 0.2804617811984654, 0.28189165418661094, 0.27968045408967174, 0.2798731468523605]","[1.0032004467569864, 0.9394720334273118, 0.9202089207349243, 0.9069921781237309, 0.8988548522549016, 0.890322434009759, 0.8892666534162484, 0.8896934707741161, 0.8847858525894501, 0.8821350950543042, 0.8775668989171038, 0.877010740176007, 0.8735420074272942, 0.8707400774071504, 0.865310115473611, 0.859168635988301, 0.8568003222264431, 0.8572977578656359, 0.8545180314762907, 0.8484259252692317, 0.8487224987001865, 0.8459329954297333, 0.8461844957955591, 0.8445576418723378, 0.8455564397295098, 0.8408518832709108, 0.8425843408228931, 0.8390993491470159, 0.8361347303367578, 0.8369768558295219, 0.8330448757406774, 0.8327906022851284, 0.8328790707247598, 0.830804281264216, 0.8277399190752716, 0.8297111406758592, 0.8279678342188452, 0.8224075753037091, 0.8255888274819642, 0.8262909776889361, 0.8237318945332215, 0.8232404228177045, 0.8227184067306282, 0.8224932259501336, 0.8220794238559492, 0.8188197094292103, 0.8203280640581807, 0.8188127003773883, 0.8218262404367164, 0.8172271780587814, 0.8194687345607595, 0.8175807054062466, 0.8154715102698121, 0.8149696362542582, 0.8157902789394279, 0.8160332788068515, 0.8168124911876825, 0.8182603745711047, 0.8150143666336169, 0.8137681931257248, 0.8154243477261983, 0.8121246718033984, 0.8145751869612998, 0.8132120759359428, 0.8136043704554929, 0.8118510967795993, 0.8117601926346402, 0.8122169316060596, 0.8133704534189387, 0.8101052010616103, 0.8074294376586165, 0.8096738586222733, 0.8096578134080539, 0.8108027617109346, 0.809934862776772, 0.8107228869838374, 0.8073886557799447, 0.8076991331610051, 0.8089308519694176, 0.8077276645044049, 0.8087713370038258, 0.8074992696375964, 0.8062073587347846, 0.8053015616036706, 0.8052002757296457, 0.80617989849422, 0.8056933836458804, 0.8043326988284077, 0.8061056014068506, 0.8067266327011716, 0.8047598495588197, 0.8055071350350812, 0.8033218928254567, 0.8045246022251936, 0.8042707907056416, 0.8037077594794088, 0.8011363735729522, 0.80450597012436, 0.803508331651216, 0.8044194014395004, 0.802681568805333, 0.8012491946651058, 0.8007471438210744, 0.8017111341417819, 0.7996750002583632, 0.8008770028763748, 0.8007482257313453, 0.7999204811077196, 0.8001876455005054, 0.7995431540267808, 0.8005351197629512, 0.7992322135839488, 0.8012326863277089, 0.7959053931901088, 0.799852717176571, 0.800783154032715, 0.7988382496430979, 0.7975799383206682, 0.7987009786315017, 0.7979019835673191, 0.7979988547062481, 0.7958560365733209, 0.7974249131895683, 0.7980256617314868, 0.7961765042618736, 0.7956276872082726, 0.7986721585985723]","[0.24711286936756932, 0.22633387921731682, 0.2160264299828795, 0.209861162531225, 0.20499187689038773, 0.20232218966076645, 0.20046302110333986, 0.19897373595946952, 0.19747155867045438, 0.19635056355331518, 0.19485584740774542, 0.19302563397567482, 0.19133810416052613, 0.18970975840959367, 0.18879989506323128, 0.18769945175964622, 0.18674762938407402, 0.18536887039678007, 0.18468381091952324, 0.18369495661198337, 0.18319157294080227, 0.18238240122040617, 0.18198601090455357, 0.18121398094145558, 0.18079256233346613, 0.18058908631718612, 0.1798115978606894, 0.179548613255537, 0.1793220147867746, 0.1794616077331048, 0.17904569302933127, 0.17880107731192926, 0.17821290358146535, 0.17784588406734828, 0.17820806301470044, 0.17771798325113103, 0.17732485794002498, 0.17768935166016409, 0.177279453583156, 0.17714578177355514, 0.1768070956857144, 0.1765512952793248, 0.17638303532819205, 0.17685801757475997, 0.17664996742070477, 0.17642496611121333, 0.17604160818118084, 0.17603206082801276, 0.1760068297197547, 0.1761502149172976, 0.17599123046745227, 0.17587796127117133, 0.17556971155955822, 0.17544949271633656, 0.17548181116580963, 0.17548182658568212, 0.17554271593689919, 0.1752919448610348, 0.1753550495810901, 0.17530136800642254, 0.17518139380631567, 0.17537298591076572, 0.17515893219203887, 0.1750175800598875, 0.1749118508511706, 0.17490654509467415, 0.1750495306487325, 0.17504765998713578, 0.1750022799153871, 0.17478139778669877, 0.17453983157307287, 0.17501285959836804, 0.17482891876863527, 0.1745934786298607, 0.17447399786567386, 0.17450402634619158, 0.1743808158119268, 0.1743096545621564, 0.1741935258519046, 0.17415367750616012, 0.17430975354170497, 0.17412307679275923, 0.1739915904082075, 0.17389521351720713, 0.17381592391978337, 0.17381376320425468, 0.17362821795329264, 0.17381673829653596, 0.17372530010304874, 0.1736089482526236, 0.17362140760391573, 0.1736747518276112, 0.17344335825005663, 0.17343883192803286, 0.17346684747858893, 0.17344855469993398, 0.17348763969125627, 0.17338410807372648, 0.1732795160688177, 0.17325113213892224, 0.17337702681558043, 0.173529146734295, 0.17332257646359975, 0.17332048186018498, 0.1732891855077653, 0.17316449824956398, 0.17330764781070662, 0.1732656036185313, 0.1731337080179136, 0.17314179246372816, 0.17300065300321277, 0.17313555481879017, 0.17307627903698367, 0.17308865426273284, 0.1730703786958622, 0.17312299332852604, 0.17296789166859433, 0.17307594196894502, 0.17323451913610288, 0.17304536280564115, 0.17308966683436044, 0.17316272298369226, 0.17309583101091505, 0.1733816270303877, 0.17373709498515613, 0.17331641997340358, 0.1730976447085791]",2019-01-03 → 2024-01-21,2024-01-23 → 2025-02-23,2025-02-25 → 2026-03-29
"{'data_path': '/content/drive/MyDrive/equityBERT/vola-bert/data/processed/ES_1h.parquet', 'root_path': '/content/drive/MyDrive/equityBERT/vola-bert', 'events_df':                      datetime event_type impact
0   2019-01-04 08:30:00-05:00        NFP   NONE
1   2019-01-11 08:30:00-05:00        CPI   NONE
2   2019-01-15 08:30:00-05:00        PPI   NONE
3   2019-01-30 14:00:00-05:00       FOMC   NONE
4   2019-02-01 08:30:00-05:00        NFP   NONE
..                        ...        ...    ...
315 2026-02-27 08:30:00-05:00        PPI   NONE
316 2026-03-06 08:30:00-05:00        NFP   NONE
317 2026-03-11 08:30:00-04:00        CPI   NONE
318 2026-03-18 08:30:00-04:00        PPI   NONE
319 2026-03-18 14:00:00-04:00       FOMC   NONE

[320 rows x 3 columns], 'n_layer': 4, 'batch_size': 32, 'max_epochs': 150, 'lr': 0.0001, 'patience': 10, 'features': 'MS', 'lookback': 50, 'forecast': 10, 'name': 'No Events', 'use_events': False, 'use_event_type': False, 'use_event_impact': False}",full,1.039989709854126,2.4826037883758545,0.4522396242618561,0.6879546251893044,0.4348500951276618,0.27711011656812606,runs/v25/No Events_50to10_full/checkpoints,No Events,"[0.8064556026032993, 0.7237051214490619, 0.6809746591108186, 0.6592467706650496, 0.6505780597882611, 0.6429278869181871, 0.6393003325377192, 0.633149827165263, 0.6280530124370541, 0.6238559343452964, 0.6215023624577692, 0.6267959898603814, 0.6164983835603509, 0.6163383948483637, 0.6167244991021497, 0.611469818013055, 0.6105014277356011, 0.6102458917136703, 0.6079598928668669, 0.606421689635941, 0.6063535075102534, 0.6032311809914452, 0.6007731181702444, 0.6007881401372808, 0.5973972018275943, 0.5984472831977266, 0.5995922740548849, 0.5935578519212348, 0.59319597695555, 0.5899671116577727, 0.5921191083533424, 0.5910134900893483, 0.5884812500860009, 0.5852664956556899, 0.5854532928871257, 0.5845224601881844, 0.5818340906075069, 0.580463070422411, 0.5831149537116289, 0.5804052964917251, 0.5791447540479047, 0.5799971116440636, 0.5761067760842187, 0.5730191101985318, 0.5718743872961828, 0.5771619802606958, 0.5734610001423529, 0.5749853982457093, 0.5703281092324427, 0.5691629970180136, 0.5688111622418676, 0.5690032632223198, 0.5670114289969206, 0.5682438148983887, 0.5667046295212848, 0.5626460090279579, 0.5628552396914789, 0.5643814216767039, 0.5646029622959239, 0.5648178495466709, 0.5607949907758406, 0.563015737171684, 0.5602707293416772, 0.5596350665603366, 0.5590594591838973, 0.5611773902284247, 0.5573896361248833, 0.5547370439661401, 0.5555874681366342, 0.5558423117867538, 0.5572431859161172, 0.5514788079474654, 0.5498287470213005, 0.5531882750136512, 0.5503277328929731, 0.5511501561850309, 0.5504097640514374, 0.5514375870781285, 0.5493096467107534, 0.546893144558583, 0.5469832170222487, 0.547717981572662, 0.5487585011869669, 0.5483178275504282, 0.5456704295107296, 0.5437869897910527, 0.5451636513961213, 0.545290374330112, 0.5406379186149154, 0.5419397167861462, 0.5415810024631875, 0.5420549599719899, 0.5406844315252134, 0.5397208529923644, 0.5389009269752673, 0.5400145330599376, 0.5399502539741141, 0.537797077958073, 0.5349260619176286, 0.5396251023880073, 0.5365812578903777, 0.5355149829494101, 0.5366097342755113, 0.5366176555731467, 0.5345334471868617, 0.5369674563407898, 0.5338310939925057, 0.5335958310003791, 0.533230347558856, 0.5326476935297251, 0.5306266038013356, 0.5317783648414272, 0.5332166012376547, 0.532574726002557, 0.530934131837317, 0.5284955232803311, 0.5286742334387132, 0.530332817829081, 0.5298082589038781, 0.5270452733550753, 0.5285102975155626, 0.527141851506063, 0.5307958285723414, 0.5267317180654832, 0.5261375606060028, 0.5252006224223545, 0.5270362892853362, 0.527584260063512, 0.5245679385427918, 0.526800535885351, 0.5225895480918032, 0.5247495232948235, 0.5231124011001417, 0.5224806368350983, 0.5242146966712815, 0.5236945998455796, 0.5231198841439826, 0.5222451790635075, 0.5230884453547853, 0.5209036096930504, 0.5214019646602017, 0.5231052969715425, 0.5230727749211448, 0.5239415120865617, 0.5223895928689412, 0.5208934071872916, 0.5215656930314643, 0.5220639037766627, 0.5196708371596677, 0.5187751155878816]","[0.5539087305466334, 0.46252890676259995, 0.4191892196734746, 0.40011392409602803, 0.3877886173625787, 0.37928075591723126, 0.373602947841088, 0.3712805124620597, 0.36790653442343074, 0.3645273931324482, 0.36222464094559353, 0.3609633222222328, 0.35961657762527466, 0.3579714049895604, 0.3555876476069291, 0.3540110078950723, 0.3532240663965543, 0.3517343985537688, 0.3502214513719082, 0.34925412262479466, 0.34808387234807014, 0.3462270175417264, 0.3457816441853841, 0.3437725082039833, 0.34399745985865593, 0.3429688575367133, 0.3429243092735608, 0.3422975192467372, 0.34049795009195805, 0.3408862215777238, 0.3389718358715375, 0.3382584974169731, 0.3375897978742917, 0.33536055994530517, 0.3345995129396518, 0.33361327772339183, 0.33332140060762566, 0.33287002084155876, 0.3323752029488484, 0.33140577500065166, 0.3300460471461217, 0.33009679801762104, 0.3304798708607753, 0.3298940882086754, 0.3301911341647307, 0.32941062686343986, 0.32682546849052113, 0.3263573081543048, 0.32751521468162537, 0.3262369465082884, 0.32475717303653556, 0.3257891194274028, 0.3246352765709162, 0.3229384869337082, 0.3231789233783881, 0.32332198694348335, 0.32349774551888305, 0.3227245757977168, 0.3224529816458623, 0.3220520031948884, 0.32220668035248917, 0.32216161986192066, 0.3211145009845495, 0.32051418038705987, 0.32006135396659374, 0.31862975967427093, 0.31948589409391087, 0.3187401468555133, 0.3190428987145424, 0.31832324837644893, 0.317515308658282, 0.3175899125635624, 0.31796600855886936, 0.31680030934512615, 0.3171183057129383, 0.31743140642841655, 0.3179569027076165, 0.3163228401293357, 0.31668195128440857, 0.31581018678843975, 0.31590457260608673, 0.31579176646967727, 0.3162404956916968, 0.3162826293458541, 0.3160677583267291, 0.31579910156627494, 0.3151756413280964, 0.31474196041623753, 0.3150643575936556, 0.31423783116042614, 0.3153449557721615, 0.31523835845291615, 0.31507179824014503, 0.313967098792394, 0.31350959092378616, 0.31414994907875854, 0.31418186984956264, 0.313615795224905, 0.31415041039387387, 0.31353137642145157, 0.31378566722075146, 0.3128267315526803, 0.31312492676079273, 0.3132112498084704, 0.3122123448799054, 0.31247658903400105, 0.31301702558994293, 0.3122119437903166, 0.31321995457013446, 0.31246232241392136, 0.31262993564208347, 0.312504102786382, 0.31213834198812646, 0.312122439344724, 0.311986122901241, 0.310658145075043, 0.31131798463563126, 0.31246390504141647, 0.3112265070279439, 0.31209805359443027, 0.3125862708936135, 0.31247109609345597, 0.311740355566144, 0.31134801854689914, 0.3117543502400319, 0.3117756589005391, 0.3111944229652484, 0.31201941644152004, 0.3123417229702075, 0.3112780135124922, 0.31109800189733505, 0.31095246970653534, 0.31168984559675056, 0.31202129895488423, 0.31163171492516994, 0.31135248951613903, 0.31192317480842274, 0.31134087095657986, 0.31191067149241763, 0.3110907680044572, 0.3107836525887251, 0.31059507094323635, 0.3107901470114787, 0.3108569625765085, 0.3109353935966889, 0.3105321880429983, 0.3106815672169129, 0.31084045643607777, 0.3104231469333172, 0.3110400897761186]","[1.4671894242720944, 1.2833853640726633, 1.209232522174716, 1.1745670190347093, 1.1563469269978148, 1.1442942558122533, 1.1406525373458862, 1.1310102987502302, 1.122104434562581, 1.1130476200154849, 1.1054529111300195, 1.1500513843659843, 1.0963084511458874, 1.0950453773673092, 1.0961278844624758, 1.0878289035920585, 1.087318709918431, 1.0854631289839745, 1.0786154533603363, 1.078490256464907, 1.079138932749629, 1.0713672361203603, 1.071868335828185, 1.0696611582700695, 1.0595315186572927, 1.0768931095621415, 1.0945750309952669, 1.0581225686307465, 1.0577118814523732, 1.050337018179042, 1.0586952944951398, 1.0546844817165817, 1.048976203958903, 1.0478159795914377, 1.0503702624035733, 1.0471043554799897, 1.0397289294217313, 1.040545721671411, 1.0442975123545952, 1.0440674812666006, 1.039409703974213, 1.0598870616938387, 1.036315324849316, 1.0261683565165316, 1.0256339407392912, 1.037401812949351, 1.0380522129791123, 1.0495586664016758, 1.0247412047215871, 1.0251407832173365, 1.0220844128302164, 1.023982736947281, 1.0212841238826513, 1.0357931384018488, 1.024547076384936, 1.017293933512909, 1.0153777370495456, 1.0208532850125007, 1.0179486370512418, 1.01947505426194, 1.0124718405838524, 1.0149601878864425, 1.012349693370717, 1.008345307250108, 1.0096851462232215, 1.0213526906445622, 1.008300142628806, 1.0043358616530895, 1.0043178663722105, 1.0053966726575578, 1.0460878751639808, 0.9995070178327816, 0.9966846736414092, 1.00048149669809, 1.0057787642415081, 1.001283370357539, 1.0001665500125714, 1.004686078056693, 1.0063090140798263, 0.9932964022404381, 0.9940750566976411, 0.9957417763237443, 1.013431643534984, 1.0015696143465382, 0.9952692445367575, 0.9920384579205087, 0.9889698084443808, 0.9925611857324839, 0.9868942672120673, 0.9894874766469002, 0.9889706296047994, 0.9853670531883836, 0.9865342514323336, 0.9803863864924226, 0.9841652106759804, 0.9814957182056138, 0.9843571988333549, 0.9860202672758273, 0.9770532702761037, 0.993155783574496, 0.9758433320426515, 0.9800953593637262, 0.9834915053631578, 0.9796143516099879, 0.9780181283131242, 0.981374309664326, 0.9773765993969781, 0.9736955913582018, 0.9780716743054134, 0.9757322554609605, 0.9697627768452678, 0.9784332269004413, 0.9792245700955391, 0.976199345796236, 0.9705328276114804, 0.970587494117873, 0.9701184021042926, 0.9700481771890607, 0.9747854971459934, 0.9680517587278571, 0.9714687780610153, 0.9696299274052892, 0.9994463848748377, 0.970408972086651, 0.9683471848922116, 0.9601172138271588, 0.9694649603750024, 0.9683404471725225, 0.9606895643685546, 0.9733636699883002, 0.9612227111522641, 0.9646259695291519, 0.9580690371138709, 0.9625883427049432, 0.9652470477989742, 0.9624627907095211, 0.9595950771389263, 0.9640711937099695, 0.9592074405934129, 0.9617080889376146, 0.9585807608174426, 0.9720536355993578, 0.9631997272372246, 0.9671606170013547, 0.9628346139299018, 0.9580136649310589, 0.9577533432415554, 0.9583187933479037, 0.9556024606738772, 0.9560463292790311]","[0.5204680562019348, 0.37543616940577823, 0.31956803736587364, 0.29684181449313957, 0.28355704185863334, 0.27440072533984977, 0.2681102327381571, 0.26483268042405445, 0.26120317354798317, 0.2580209489290913, 0.25529650319367647, 0.25358585454523563, 0.252106380648911, 0.25039514154195786, 0.24842995312064886, 0.2471753222246965, 0.24655961990356445, 0.24457259445140758, 0.24321001612891754, 0.24187499657273293, 0.24079109324763218, 0.2398374325906237, 0.23890682713439068, 0.23771964510281882, 0.2372143923615416, 0.2361849838246902, 0.23596462979912758, 0.23503473990907273, 0.23364959191530943, 0.23317028023302555, 0.23229103814810514, 0.23157519474625587, 0.23076896804074445, 0.22979966333756843, 0.2289146240800619, 0.22828925090531507, 0.2278040498495102, 0.22716183308511972, 0.22643198569615683, 0.22594682530810437, 0.22510332272698483, 0.2247122721746564, 0.22437790563950935, 0.22380635483811298, 0.22361899819225073, 0.22311436074475446, 0.22251206388076147, 0.22192902521540722, 0.2217225804924965, 0.22133247243861356, 0.22082176773498455, 0.22031258481244245, 0.21996816899627447, 0.2196719590574503, 0.21939137236525616, 0.2192486577356855, 0.2191033291940888, 0.21886165936787924, 0.21861640022446713, 0.2184446407482028, 0.21799829167624316, 0.21791294310241938, 0.21745130574951568, 0.2173096646244327, 0.21702174407740435, 0.216519171372056, 0.21618274909754595, 0.21592406556010246, 0.21584944551189741, 0.21562266629189253, 0.21549435580770174, 0.2154558589681983, 0.21511619010319313, 0.21512718188265958, 0.21485027049978575, 0.21490218210965395, 0.21456596441566944, 0.21443943089495102, 0.21424396708607674, 0.21411946788430214, 0.21409109917779764, 0.2139806884030501, 0.21380255774905285, 0.21374611215045056, 0.21358692521850267, 0.21352261739472547, 0.2132368174691995, 0.21313016396015882, 0.21298525016754866, 0.2128127965455254, 0.21269940243413052, 0.21268953227748474, 0.2126060255492727, 0.21246742891768614, 0.2124376300101479, 0.21234792688240609, 0.21229354913036028, 0.2122070025652647, 0.21210041735321283, 0.21208665271600088, 0.21201893438895544, 0.21194073588897785, 0.21191704211135706, 0.21190703070412079, 0.21188910771161318, 0.21165540100385746, 0.2116615523894628, 0.21150360411653915, 0.2116209507609407, 0.21143036801367998, 0.21142438364525637, 0.21139932920535406, 0.21137309477974972, 0.21126840139428774, 0.21116749166200557, 0.21118553541600704, 0.21095826042195162, 0.2111300447334846, 0.21098838498195013, 0.2109835141648849, 0.2110184639071425, 0.21094625101735195, 0.21086057430754104, 0.21077255563189587, 0.2106280019506812, 0.21072163432836533, 0.21055883603791395, 0.21065934530148903, 0.2105947577704986, 0.21053354411075512, 0.21047698985785246, 0.21061296357462803, 0.21061213687062263, 0.21080945276965699, 0.2107770179087917, 0.21079235368718705, 0.21057860708485046, 0.21043260799100003, 0.21066437382251024, 0.2105054178585609, 0.21049292696019015, 0.2104492736980319, 0.21043517409513393, 0.2103808323542277, 0.21025121522446474, 0.21013833365092674, 0.21016946031401554, 0.21017052481571832, 0.21018762451907, 0.21023700293153524]",2019-01-08 → 2024-01-14,2024-01-16 → 2025-02-16,2025-02-18 → 2026-03-29
"{'data_path': '/content/drive/MyDrive/equityBERT/vola-bert/data/processed/ES_1h.parquet', 'root_path': '/content/drive/MyDrive/equityBERT/vola-bert', 'events_df':                      datetime event_type impact
0   2019-01-04 08:30:00-05:00        NFP   NONE
1   2019-01-11 08:30:00-05:00        CPI   NONE
2   2019-01-15 08:30:00-05:00        PPI   NONE
3   2019-01-30 14:00:00-05:00       FOMC   NONE
4   2019-02-01 08:30:00-05:00        NFP   NONE
..                        ...        ...    ...
315 2026-02-27 08:30:00-05:00        PPI   NONE
316 2026-03-06 08:30:00-05:00        NFP   NONE
317 2026-03-11 08:30:00-04:00        CPI   NONE
318 2026-03-18 08:30:00-04:00        PPI   NONE
319 2026-03-18 14:00:00-04:00       FOMC   NONE

[320 rows x 3 columns], 'n_layer': 4, 'batch_size': 32, 'max_epochs': 150, 'lr': 0.0001, 'patience': 10, 'features': 'MS', 'lookback': 50, 'forecast': 10, 'name': 'Event Type Only', 'use_events': True, 'use_event_type': True, 'use_event_impact': False}",full,1.039989709854126,2.4826037883758545,0.4508169603347778,0.6814550283551216,0.4334821355088327,0.2744920601289087,runs/v25/Event Type Only_50to10_full/checkpoints,Event Type Only,"[0.7455693674939019, 0.7052537495536464, 0.6904556203101363, 0.6772107489939246, 0.676706963883979, 0.665952497294971, 0.6599256984357323, 0.6562573329678604, 0.6533398061458554, 0.6496139221957752, 0.6468874961137772, 0.6434789446315595, 0.6418089547327587, 0.6408860082072871, 0.6336785624069827, 0.6316538192331791, 0.6274470112153462, 0.6290984797690596, 0.625844054456268, 0.6237114364547389, 0.623814770685775, 0.619116295661245, 0.6221685441476958, 0.6194335001387766, 0.6158585920929909, 0.613540847918817, 0.6148916022585971, 0.609873270083751, 0.6104210718934026, 0.6077064791960376, 0.6059172640421561, 0.6046661782477584, 0.6001083707170827, 0.5996026660182646, 0.6013141556509903, 0.5973387874130692, 0.5970948865371091, 0.5974309409835509, 0.5924054772726127, 0.5893007663211652, 0.5902420670858451, 0.5893199100558247, 0.5865063563521419, 0.5893860818552119, 0.5845589555267777, 0.5855469062392201, 0.5824575283165488, 0.5821003139551196, 0.5790977379573243, 0.5761531902743238, 0.5776617189071008, 0.5756259134837559, 0.5734841445727008, 0.5731295520173652, 0.5707354577524322, 0.5715079967464719, 0.5677453641380582, 0.5678569097071886, 0.5665117379810128, 0.5641152105693307, 0.5601519484605108, 0.5559460055083036, 0.5583161424313273, 0.5534038634172508, 0.5560381782374212, 0.5554856351975884, 0.5525242369621992, 0.5505376580570426, 0.5536031204142741, 0.5526670374508414, 0.5495823379606009, 0.5478078467505318, 0.5457093473523855, 0.5480264768536601, 0.5472280473581382, 0.5437847804278135, 0.5434903401349273, 0.5474776702799967, 0.544771674488272, 0.5422198096556323, 0.5424052269331047, 0.539772962086967, 0.5399835543440921, 0.5412540278796639, 0.540010661685041, 0.5397620547030654, 0.5405548297400985, 0.5400296979184661, 0.5377672170954091, 0.5374683657927173, 0.5372297721249717, 0.5381745174527168, 0.5379663335957697, 0.5343479389058692, 0.5341812425426075, 0.5366015516753707, 0.5345149846481425, 0.5344858970493078, 0.5343825606895345, 0.5345670828329665, 0.5333339768861022, 0.5322078990616969, 0.5317031690584761, 0.5318154378661087, 0.5315497988568885, 0.5295751509921891, 0.5297718090670449, 0.5277204678526947, 0.530202350446156, 0.5284771573330674, 0.5294316964490073, 0.5297325982579163, 0.5286120719143322, 0.5289637648633548, 0.5311908117894616, 0.5256469904312066, 0.5290617059384074, 0.5262267964759043, 0.5253264411751714, 0.5255222850080047, 0.5256987533399037, 0.52514004654118, 0.5274669104920966, 0.5230680914329631, 0.5260246635547706, 0.5230383141232389, 0.5244883128574916, 0.5266795195639133, 0.5246214004499572, 0.5225617874945913, 0.5245442193533693, 0.5224821226937431, 0.5229078560535397, 0.5234406178018877, 0.5211313515901566, 0.519524024533374, 0.5210656624819551, 0.5207885580935648, 0.521066495350429, 0.5203307592975241, 0.5187509953975677, 0.5201578297253165, 0.5205488159720387, 0.5204692522862128, 0.5200763900897333, 0.5195147373846599, 0.5181029992444175, 0.5175665239138263, 0.5168016994638103, 0.517567231718983]","[0.47138454889257747, 0.43686042726039886, 0.41944905867179233, 0.408498115837574, 0.40102111796538037, 0.3941990149517854, 0.3885788085560004, 0.3847944214940071, 0.3796030282974243, 0.3771549426019192, 0.37451542417208356, 0.3717702540258567, 0.36913808435201645, 0.367622980227073, 0.36514680460095406, 0.3630947420994441, 0.35989226897557575, 0.3607105736931165, 0.3608218307296435, 0.36075131843487424, 0.35907866309086484, 0.35732325290640193, 0.3555817939341068, 0.3575102239847183, 0.35260580976804096, 0.35163769001762074, 0.3510093167424202, 0.3483840910096963, 0.34700244044264156, 0.34768665085236233, 0.34325426692763966, 0.34481669838229817, 0.341640193015337, 0.3415782687564691, 0.3370174535860618, 0.33723825961351395, 0.3365860947718223, 0.33650949721535045, 0.3350465049346288, 0.33299349000056583, 0.334120183562239, 0.33411447952191037, 0.3337105556080739, 0.33158245620628196, 0.33278898770610493, 0.33157135359942913, 0.33130431547760963, 0.328186908736825, 0.3281714376062155, 0.32764551291863125, 0.32721584166089696, 0.327839948857824, 0.32682434904078644, 0.32468486949801445, 0.32460526066521805, 0.3215015276024739, 0.3204355264703433, 0.3189958240836859, 0.3193937378625075, 0.31804578999678296, 0.31620713509619236, 0.31587162241339684, 0.315273342654109, 0.3155593555420637, 0.31491358391940594, 0.3141314989576737, 0.3136221511910359, 0.3138276630391677, 0.3140173243979613, 0.31312515524526435, 0.31383946103354293, 0.31232765192786854, 0.3129047571370999, 0.31232843175530434, 0.31184996229906875, 0.3118602279573679, 0.31091026527186233, 0.31218949767450493, 0.31123622072239715, 0.3100586875031392, 0.31013214339812595, 0.3105268074820439, 0.31043226830661297, 0.31060380799074966, 0.3104082892338435, 0.3101836784432332, 0.3099586684256792, 0.31042841511468094, 0.30935070601602394, 0.3099833279848099, 0.30878452273706597, 0.3096107890208562, 0.3101809751242399, 0.3086140224089225, 0.3098121297856172, 0.3086731843650341, 0.30839098306993645, 0.30891563308735687, 0.30983235873281956, 0.30979293026030064, 0.3079800462971131, 0.3083565638711055, 0.30874995825191337, 0.3086487085868915, 0.3097165959576766, 0.309916731591026, 0.308855889365077, 0.30879486352205276, 0.3078942336142063, 0.30880869428316754, 0.3097486974050601, 0.3074424881488085, 0.30748284856478375, 0.3090495386471351, 0.307552183046937, 0.3084612836440404, 0.30768743467827636, 0.3096564629425605, 0.3084395093222459, 0.3079815556605657, 0.3074341646085183, 0.30793183607359725, 0.30753648032744724, 0.30748319812119007, 0.3086203628530105, 0.3070213707784812, 0.3081403933465481, 0.3075851798057556, 0.30797445711990196, 0.3083780575543642, 0.30809482745826244, 0.30695172647635144, 0.308660118530194, 0.30752475559711456, 0.30865852907299995, 0.30847181379795074, 0.30792888440191746, 0.3087155558168888, 0.30756310373544693, 0.30738538689911366, 0.3076572883874178, 0.30772291123867035, 0.30774118813375634, 0.30780472109715146, 0.3069847710430622, 0.30869757446149987, 0.30739041107396287, 0.30766013637185097, 0.3077779325346152, 0.30769753580292064]","[1.346682372902121, 1.2640923674085311, 1.2343286414231573, 1.2052381727844477, 1.2131119136299406, 1.1776268958513225, 1.1675516606441565, 1.1611407989902156, 1.1548087485134602, 1.1497907939233951, 1.1453777415943998, 1.1382839985724007, 1.136491718036788, 1.1558471055967467, 1.1185343568878514, 1.1120479319776808, 1.1090543145047767, 1.1188631624515568, 1.1059218647756748, 1.0968013384512492, 1.1001624499580689, 1.0913514753005333, 1.0970069654285908, 1.09585624587323, 1.0923261980393104, 1.0855395107397012, 1.0835462577108825, 1.078614423849753, 1.0846486618476254, 1.078866550166692, 1.0758756455034018, 1.0726614046309675, 1.0620545367045062, 1.0634835857365812, 1.0639728792011738, 1.0651111150426524, 1.0795461753649371, 1.0673308335244656, 1.0530947736863578, 1.0518112661583083, 1.0591225259538208, 1.0528455320745707, 1.0494545038257326, 1.0542254054120608, 1.0507134249699968, 1.0622504396098, 1.0446494320141417, 1.0471063961407967, 1.0360851516681058, 1.038327061970319, 1.0404336133173533, 1.0295388102531433, 1.032849366377507, 1.029268457953419, 1.0266808746382594, 1.0271696296653576, 1.0217309107205697, 1.0394336597195692, 1.0264284847570317, 1.0332680735737085, 1.0256227092551333, 1.0159280795071806, 1.0311060954949685, 1.0100152060123426, 1.014578552916646, 1.0161172593278545, 1.0121341164090805, 1.0083780429725135, 1.014918667929513, 1.016549992774214, 1.0110144020457352, 1.0081769321113825, 1.0019900472834706, 1.0062104000576906, 1.003068777599505, 0.9975249924297843, 1.0067761979464973, 1.0229730877493108, 1.0001598287905966, 0.9938104474650962, 1.000189651602081, 0.9970436758760896, 0.9923068335545915, 0.9931576833395022, 0.993916230276227, 0.9934331008366176, 0.9986928892987115, 0.9999235256442002, 0.9931315786338278, 0.9937883054039308, 0.9933592192828655, 0.9920543852661338, 0.9903303584350007, 0.9889496824304972, 0.9878425866897617, 0.99114128947258, 0.9883367903530598, 0.988059699801462, 0.9959349430033139, 0.9887064924197537, 0.9859356417187622, 0.9814058962677207, 0.9836763574608735, 0.9846596385219267, 0.9837728136086038, 0.9779980640326228, 0.9808232530153224, 0.9769343467695373, 0.9823244335129857, 0.9800049439072609, 0.9797694220074585, 0.9830523878335953, 0.9808898107813937, 0.980084447988442, 0.9960493232522692, 0.9793223858411823, 0.9860638092671122, 0.9736378625301378, 0.9735936011586871, 0.9707214719216738, 0.9745394699275494, 0.9745635802724532, 0.983628107900066, 0.9725964103958437, 1.006721400655806, 0.972017745487392, 0.9737847189285925, 0.98293056831296, 0.9739756811676281, 0.9715126513370446, 0.9834962553743806, 0.9676090582673039, 0.9699836993323905, 0.971950535263334, 0.9692028046452573, 0.9640661193323987, 0.9684195707419089, 0.9684628367956195, 0.9672439038487417, 0.9676441571542195, 0.9628442336938211, 0.9658161723720176, 0.9682119890515294, 0.9697737423703074, 0.9704623532348445, 0.966352145586695, 0.9622624777257442, 0.962446013997708, 0.9622653946280479, 0.9693422474499259]","[0.40073684354623157, 0.3500374536961317, 0.3249953780323267, 0.3092491514980793, 0.2988293233017127, 0.2902538614968459, 0.2838456245760123, 0.2788537150869767, 0.27298663929104805, 0.2696235387896498, 0.26660861913114786, 0.26313755568116903, 0.26068790598462027, 0.2585840343187253, 0.2560397818063696, 0.25455435023953515, 0.25180623959749937, 0.25086198405673105, 0.25026472626874846, 0.24965918312470117, 0.24833232878396908, 0.2472262072066466, 0.24566078775872788, 0.24517640750855207, 0.2422505576784412, 0.2411250565201044, 0.2400826457887888, 0.23856041207909584, 0.23665548612674078, 0.23616768512874842, 0.23360212054103613, 0.23360680229961872, 0.23147150098035732, 0.2310832136621078, 0.22877211092660824, 0.22839162405580282, 0.22717925533652306, 0.22635647964974245, 0.22571102684984604, 0.22480868765463433, 0.22459181118756533, 0.22412002366036177, 0.22386212212344012, 0.22305507492274046, 0.22301521680007377, 0.22208446636795998, 0.22147032991051674, 0.22035617070893446, 0.21989825430015722, 0.21943158532182375, 0.21891686661789814, 0.21860028337687254, 0.21814395828793445, 0.21730909186104932, 0.21667756730069718, 0.21551487936327854, 0.2156293522566557, 0.21590157629301152, 0.21529356266061464, 0.21464513707906008, 0.21366029077519974, 0.2128303094456593, 0.21248615253716707, 0.2120960789422194, 0.21185588898758093, 0.21157580552001795, 0.21120415534824133, 0.2108703525736928, 0.21066141376892725, 0.21047645962486664, 0.2102644412467877, 0.2098632538691163, 0.209726184916993, 0.20926860813051462, 0.20905012575288615, 0.2088389458755652, 0.20873334693411985, 0.20852437087645134, 0.20828691342224678, 0.20809310674667358, 0.2079828344285488, 0.20778190220395723, 0.2077505731334289, 0.2075223789239923, 0.2073874638105432, 0.2073335632060965, 0.20723095318923393, 0.20717678467432657, 0.20713936227063337, 0.20705893201132616, 0.20701171519855657, 0.20700125861912966, 0.20691811138143143, 0.20653098759551844, 0.20652545833339295, 0.2064654448380073, 0.20613524845490852, 0.2059739443163077, 0.20632618200033903, 0.206196214693288, 0.20584288394699493, 0.2057919961710771, 0.2057582614943385, 0.20564516664793095, 0.20574852420638004, 0.20564944421251616, 0.20566765374193588, 0.205601681334277, 0.20532759465277195, 0.20537782708803812, 0.20541508185366789, 0.20517628329495588, 0.2051869099959731, 0.20504191952447096, 0.2050092744951447, 0.20489299080024162, 0.2047995257501801, 0.2049461683879296, 0.20471720614780983, 0.2047162133579453, 0.20456049777567387, 0.2045688865085443, 0.20432861428707838, 0.20445451606065035, 0.20452625366548696, 0.20431484623501697, 0.20452314025412002, 0.2043857000147303, 0.20434163976460695, 0.2042235570649306, 0.20418149419128895, 0.20401239395141602, 0.2041349761808912, 0.2039385698735714, 0.20411315901825824, 0.2039238205179572, 0.20390767573068538, 0.2039266231780251, 0.20383979907880226, 0.20377254082510868, 0.20372432253013054, 0.2037423737347126, 0.20383169719328484, 0.20381631391743818, 0.20358457571516433, 0.20388288826992115, 0.2036512109140555, 0.20363246711591879, 0.20358939127375683, 0.2036543587843577]",2019-01-08 → 2024-01-14,2024-01-16 → 2025-02-16,2025-02-18 → 2026-03-29
"{'data_path': '/content/drive/MyDrive/equityBERT/vola-bert/data/processed/ES_1h.parquet', 'root_path': '/content/drive/MyDrive/equityBERT/vola-bert', 'events_df':                      datetime event_type impact
0   2019-01-04 08:30:00-05:00        NFP   NONE
1   2019-01-11 08:30:00-05:00        CPI   NONE
2   2019-01-15 08:30:00-05:00        PPI   NONE
3   2019-01-30 14:00:00-05:00       FOMC   NONE
4   2019-02-01 08:30:00-05:00        NFP   NONE
..                        ...        ...    ...
315 2026-02-27 08:30:00-05:00        PPI   NONE
316 2026-03-06 08:30:00-05:00        NFP   NONE
317 2026-03-11 08:30:00-04:00        CPI   NONE
318 2026-03-18 08:30:00-04:00        PPI   NONE
319 2026-03-18 14:00:00-04:00       FOMC   NONE

[320 rows x 3 columns], 'n_layer': 4, 'batch_size': 32, 'max_epochs': 150, 'lr': 0.0001, 'patience': 10, 'features': 'MS', 'lookback': 50, 'forecast': 10, 'name': 'Event Timing Only', 'use_events': True, 'use_event_type': False, 'use_event_impact': False}",full,1.039989709854126,2.4826037883758545,0.4535813212394714,0.6780382326245308,0.43614020114015645,0.27311576490750084,runs/v25/Event Timing Only_50to10_full/checkpoints,Event Timing Only,"[0.7882818223110267, 0.7039196166609015, 0.6649396494030952, 0.6478245186486414, 0.6446887031197548, 0.6414056454918214, 0.6394546404480934, 0.6299435243542705, 0.6301671301147768, 0.6265388979975667, 0.6216684731521777, 0.618874331670148, 0.6183839232793876, 0.6170495902853352, 0.6168204205376762, 0.6164025382271835, 0.6141508344028678, 0.6115701124072075, 0.6103318581091506, 0.6103613448462316, 0.6064304475273404, 0.6071261989751032, 0.6065511418772596, 0.6058559502874102, 0.6063812478844609, 0.6040828209370375, 0.6019273315157209, 0.5961209125816822, 0.595847057976893, 0.5988266231226069, 0.5932014871920858, 0.5935939020876374, 0.5970845475260701, 0.5905146372637579, 0.5876353609242609, 0.5918877603752273, 0.5841635207512549, 0.5870252198406628, 0.5836515684745142, 0.5840828809887171, 0.5834584127047232, 0.5830415029610906, 0.5827012256320033, 0.5804195289633104, 0.5781868517931018, 0.5801261155200856, 0.5769315960683993, 0.5768776567918914, 0.5762124732136726, 0.5747837951140744, 0.5732095342661653, 0.5718316379934549, 0.5730238602097545, 0.5733572231339557, 0.5730158681316035, 0.5707627635981355, 0.5707513072660991, 0.5707289965025016, 0.5673064727868352, 0.5671410377004317, 0.5660145349268403, 0.5650444988693509, 0.5643948976482663, 0.564224634585636, 0.5639641021511385, 0.5625433341733047, 0.5612993453230176, 0.5651873592287302, 0.55913031739848, 0.5575125190828528, 0.5559905307101352, 0.5595285320388419, 0.5563396074409995, 0.5572651427771363, 0.5572820013122899, 0.555300431858216, 0.5547624169183629, 0.5541457406112126, 0.5524978187999555, 0.5535488610288927, 0.5501480392579522, 0.5521454715303012, 0.5507697154368673, 0.5536721660090345, 0.5500809906848839, 0.5506169348955154, 0.5482863259634801, 0.5487230305692979, 0.5465870433087859, 0.5472929967301232, 0.5460139771125146, 0.5451577146138463, 0.5455850706036601, 0.5493967506502356, 0.5468399633786508, 0.5427439582667181, 0.5440906544349023, 0.543564749615533, 0.541779078277094, 0.5398297136915582, 0.5418838387621301, 0.544596731130566, 0.5420941311333861, 0.5399491699146373, 0.5415497909166983, 0.5410808859659093, 0.5411685329994985, 0.5399888554321868, 0.5409662726202181, 0.538122087184872, 0.5367098107401814, 0.5355762967041561, 0.5376735595720155, 0.5343964632068362, 0.5363004409841129, 0.5338975837720292, 0.533706445513027, 0.5350174560610738, 0.5348769391753844, 0.5351089675511632, 0.5322695305304868, 0.5326203344655889, 0.5343294792941639, 0.5302463759269033, 0.5303938484617642, 0.532310440870268, 0.5289507345961673, 0.5319840727107865, 0.5285451196666274, 0.530726703682116, 0.5291200421218362, 0.5280194455491645, 0.5265693680516311, 0.5310969709285668, 0.5282543695398739, 0.5305060353130102, 0.5263845803482192, 0.5263572417731796, 0.5256310770554202, 0.5249688010662794, 0.5275774502328464, 0.5255810666297164, 0.5228134183479207, 0.5236313204680171, 0.5248725358396769, 0.5249154583684036, 0.5223970373294183, 0.5256753997611148, 0.5223691961062806, 0.5238172167113849]","[0.5194285462299982, 0.4231625683605671, 0.39321886872251827, 0.3811938265959422, 0.37431690221031505, 0.36938266704479855, 0.36571578308939934, 0.36225150898098946, 0.3593350797891617, 0.3574763784805934, 0.3555858905116717, 0.35621580481529236, 0.35273245722055435, 0.35122986137866974, 0.34881747638185817, 0.3481415727486213, 0.3462174118806918, 0.3440914874275525, 0.344502504914999, 0.34373436744014424, 0.34338638248542946, 0.3418026852111022, 0.3418458675344785, 0.34114141141374904, 0.34009882993996143, 0.3410596052805583, 0.33958146286507446, 0.338811656460166, 0.3388726394623518, 0.3351156134158373, 0.33419077284634113, 0.33372603605190915, 0.3327828149000804, 0.3322539310902357, 0.3305800035595894, 0.32934747512141865, 0.3298343426237504, 0.3282888401299715, 0.32927427378793556, 0.3271513345340888, 0.32628099247813225, 0.32585271696249646, 0.3261236796776454, 0.3260347532729308, 0.32450539991259575, 0.3241056303183238, 0.3245553156981866, 0.32250904974838096, 0.32248764174679917, 0.3236768984546264, 0.32251696040232974, 0.32219325688978034, 0.32091021972397965, 0.3217089604586363, 0.3208194685479005, 0.3200668618083, 0.3197887471566598, 0.3188524724294742, 0.3190509472042322, 0.31916628157099086, 0.319435054436326, 0.3177733439952135, 0.3190209611008565, 0.3183398948361476, 0.3171788981805245, 0.3171199578791857, 0.31710939295589924, 0.3164489343762398, 0.315650658061107, 0.3163787250717481, 0.31619094250102836, 0.31646252671877545, 0.31583624705672264, 0.31503280190130073, 0.31515253335237503, 0.3140827901661396, 0.31382517081995803, 0.3135618157684803, 0.31369475089013577, 0.31486645589272183, 0.31475787547727424, 0.31423588655889034, 0.31317673934002715, 0.31315696736176807, 0.31389973933498067, 0.3138744191577037, 0.3141978569328785, 0.31260178486506146, 0.3132311583807071, 0.31273746738831204, 0.31345015826324624, 0.3121358702580134, 0.3119810192535321, 0.311831667398413, 0.3121553851912419, 0.31181564554572105, 0.31168282963335514, 0.31186413454512757, 0.31057759871085483, 0.3111637495458126, 0.3115780868877967, 0.3119400938351949, 0.3107317369431257, 0.3108386384944121, 0.31058687220017117, 0.31087314151227474, 0.3118322690327962, 0.3112555580834548, 0.31047860098381835, 0.311153673256437, 0.310353380938371, 0.3108791479219993, 0.3091177723060052, 0.31061717060705024, 0.3104727833221356, 0.30953559341530007, 0.3101317708690961, 0.309973053013285, 0.3091221482803424, 0.3084810270617406, 0.3088381737470627, 0.3094000859806935, 0.30869262168804806, 0.30895023544629413, 0.30903395762046176, 0.3090539537370205, 0.30889615043997765, 0.31049238952497643, 0.3096786290407181, 0.3080964454760154, 0.30994628990689915, 0.3100813931475083, 0.3077121718476216, 0.3085349189738433, 0.3086807696769635, 0.3088185427089532, 0.30892795448501903, 0.30890691963334876, 0.30920964541534585, 0.3094993556539218, 0.30974232591688633, 0.30903348823388416, 0.3090724168966214, 0.3086946252733469, 0.30941799965997535, 0.3094428510715564, 0.30915725603699684, 0.3082423508167267, 0.30913663282990456, 0.30917096758882207]","[1.4352778787059444, 1.2669859983559166, 1.1945588354553496, 1.1501439945506198, 1.1544722558132239, 1.1514496154018812, 1.1530489400029182, 1.1232212076761894, 1.1359758800161737, 1.1186996078384774, 1.1099270936101675, 1.106143879305039, 1.1030232344887085, 1.0985568860279662, 1.104529014921614, 1.1291218341461249, 1.0887245929666929, 1.099853659846953, 1.080775956224118, 1.088709271912064, 1.0761459118553571, 1.0805616591657912, 1.0797670305307423, 1.0805445401264089, 1.083843310762729, 1.0726032805229937, 1.0722259086157595, 1.0588713722037417, 1.0619753208011389, 1.062953758718712, 1.0526119273688113, 1.061855531164578, 1.0974159623895372, 1.0507214237004519, 1.0433118790388107, 1.0570538081228733, 1.046320874510067, 1.0498271347688777, 1.0415868386626244, 1.0396738925150462, 1.0420019896700978, 1.0411933593984162, 1.0419664848595858, 1.0440059400030546, 1.0364394150674343, 1.0417540581630809, 1.0310880988836288, 1.0341984129377775, 1.0304396296186107, 1.0306322425603867, 1.0251275306301457, 1.0238446689077787, 1.0264291587684835, 1.0227009954729251, 1.0265433979885918, 1.0291510779144508, 1.026410836726427, 1.023343216361744, 1.018165917268821, 1.0229105850947755, 1.0182822445141417, 1.0122282560914755, 1.0143560199066997, 1.0151912870683841, 1.01451776416174, 1.0156531924647945, 1.0067623694028174, 1.0328513181635313, 1.0075930700238263, 1.0065023797963346, 1.0048557442745991, 1.0068917511297124, 1.0056037540946687, 1.0111932781125819, 1.008502697572112, 1.00902675544577, 1.006713961384126, 1.0007555322455508, 1.003084865265659, 0.9983133357018232, 1.0000892815047078, 0.9987069884581226, 0.9993418503020491, 1.0067091568240099, 1.0067581090011768, 0.994293376537306, 0.9939142643873181, 0.9960721451789141, 0.9936775024980307, 0.9968297071754932, 0.9866051468998194, 0.9913660883903503, 0.9937293164964233, 1.0126573384872504, 0.9922504150973899, 0.9852041381278208, 0.9936075835887875, 0.990537646359631, 0.9885487694825444, 0.9863370984260525, 0.9912584730024848, 0.9983647769050938, 0.9908467234511461, 0.9853802509605885, 0.9881335906684399, 0.9876823233706611, 0.9875681394977229, 0.9823339908782925, 0.994688996512975, 0.9839847058589969, 0.9794275215161699, 0.9774751668529851, 0.9785768631845713, 0.975443954446486, 0.9783734916044133, 0.9776302415079304, 0.9745416550764016, 0.9782209752925805, 0.9776987864502839, 0.9773661587387323, 0.9784316646733454, 0.9722559280427439, 0.9778400115402681, 0.9739844987967184, 0.9726129231442299, 1.0104222356208734, 0.9681937319359609, 0.9731730704328844, 0.9703771531847971, 0.9785520386482988, 0.9704269917149629, 0.9662153518625668, 0.9662955060069051, 0.9845978368871978, 0.9741016020998359, 0.9702976109193904, 0.9681111089885235, 0.9676119875428932, 0.9634459814322847, 0.965658445709518, 0.9741489864619715, 0.9622274631900447, 0.963726622451629, 0.9661517425307206, 0.9622500879423959, 0.9682543333619833, 0.9597198619906392, 0.9651194105723074, 0.9630815753979343, 0.9627467677263277]","[0.4591110373536746, 0.33016008138656616, 0.2926463447511196, 0.2787311648329099, 0.2702553446094195, 0.26299876036743325, 0.25810790124038857, 0.2542099536707004, 0.2508014338091016, 0.24728507827967405, 0.24524371263881525, 0.2438067433734735, 0.2406921355674664, 0.2396116309488813, 0.237689554070433, 0.2363011467580994, 0.23427983870108923, 0.23326671464989582, 0.2330300540973743, 0.23218586140622696, 0.23149752523750067, 0.23065352191527685, 0.2299475952362021, 0.22968552882472673, 0.22913216333836317, 0.22781650784114996, 0.22689810084799925, 0.22669150369862714, 0.22575005143880844, 0.2243727104117473, 0.22342232273270687, 0.2223176962385575, 0.2215535823876659, 0.22072017503281435, 0.21972260593126217, 0.219588586439689, 0.21926401617626348, 0.2181869757672151, 0.2180347644413511, 0.21761646897842488, 0.21692408062517643, 0.21656904307504496, 0.21619603782892227, 0.2159396925320228, 0.215308817413946, 0.2146694309388598, 0.21453878159324327, 0.2138711872200171, 0.21371066787590584, 0.21384172979742289, 0.21367402902493873, 0.21300648928930363, 0.2126439195126295, 0.21236829149226347, 0.21238399110734463, 0.21182625678678355, 0.21137086550394693, 0.21127438048521677, 0.21059884565571943, 0.21069092055161795, 0.21045427862554789, 0.2101215369378527, 0.21040695843597254, 0.2102660999322931, 0.2101997146382928, 0.20958563312888145, 0.2094658041993777, 0.20926403099050125, 0.20859970586995283, 0.2084748881558577, 0.20843414527674517, 0.2082265823458632, 0.20822498543808857, 0.20795771510650715, 0.207571044874688, 0.2075149497638146, 0.2072827663893501, 0.20703558654834828, 0.20736919871220985, 0.20706689668198427, 0.20706788760920367, 0.2069699720789989, 0.2067216175297896, 0.20669198408722878, 0.20660984609276056, 0.20643129820624986, 0.2064382874717315, 0.20608518769343695, 0.2065389963487784, 0.20637954181681076, 0.2060400132710735, 0.20575330623735985, 0.20553187436113754, 0.2054397389292717, 0.20547190122306347, 0.20545783204336962, 0.2052723839879036, 0.20505602564662695, 0.20498098308841387, 0.2049618735909462, 0.20486312732100487, 0.2049330286681652, 0.20477763998011747, 0.2047226152693232, 0.20450952680160603, 0.20463239308446646, 0.20465203560888767, 0.2045743182922403, 0.20434069260954857, 0.20439614479740462, 0.20421704122175774, 0.2041552004714807, 0.2038141917437315, 0.20409394707530737, 0.20392291123668352, 0.2037591009090344, 0.20395523123443127, 0.20384517312049866, 0.2036117489139239, 0.20343222407003245, 0.2033362096796433, 0.20353554033984742, 0.20340978230039278, 0.20328921296944222, 0.2032537137468656, 0.2032280769199133, 0.20321615071346363, 0.2034677773093184, 0.20322013553231955, 0.20302218571305275, 0.2031625680004557, 0.20308687599996725, 0.2027790192514658, 0.20277865137904882, 0.20261420992513499, 0.2026347719753782, 0.20264238491654396, 0.2028036486978332, 0.2027933563416203, 0.20271508395671844, 0.20282447462280592, 0.20279872914155325, 0.20274564841141304, 0.2025899300351739, 0.20264570694416761, 0.20263597927987576, 0.2024981432283918, 0.20231189765036106, 0.20255995417634645, 0.202379634603858]",2019-01-08 → 2024-01-14,2024-01-16 → 2025-02-16,2025-02-18 → 2026-03-29
